{"test_xent": 6.239998245239258, "test_step": 10000, "test_lr": 0, "_timestamp": 1715868434.5324101, "_runtime": 5.61430811882019, "_step": 0, "_wandb": {"runtime": 4}}