{"test_xent": -11.01489486694336, "test_step": 10000, "test_lr": 0, "_timestamp": 1716542124.7137978, "_runtime": 8.985889911651611, "_step": 0, "_wandb": {"runtime": 6}}