{"test_xent": 4.396060291089509, "test_step": 10000, "test_lr": 0, "_timestamp": 1715861284.876947, "_runtime": 5.773161888122559, "_step": 0, "_wandb": {"runtime": 4}}