{"test_xent": 4.320058596134186, "test_step": 10000, "test_lr": 0, "_timestamp": 1715860657.5789485, "_runtime": 8.262003421783447, "_step": 0, "_wandb": {"runtime": 6}}