{"test_xent": 6.768889236450195, "test_step": 10000, "test_lr": 0, "_timestamp": 1715868467.9380283, "_runtime": 7.203850269317627, "_step": 0, "_wandb": {"runtime": 4}}