{"test_xent": -12.050383448600769, "test_step": 10000, "test_lr": 0, "_timestamp": 1715785819.8325472, "_runtime": 6.017104148864746, "_step": 0, "_wandb": {"runtime": 4}}