{"test_xent": 6.781090545654297, "test_step": 10000, "test_lr": 0, "_timestamp": 1715862931.323487, "_runtime": 6.432892084121704, "_step": 0, "_wandb": {"runtime": 4}}