{"test_xent": -10.546310016087123, "test_step": 10000, "test_lr": 0, "_timestamp": 1715785738.849853, "_runtime": 5.801103115081787, "_step": 0, "_wandb": {"runtime": 4}}