{"test_xent": 6.482079410552979, "test_step": 10000, "test_lr": 0, "_timestamp": 1715863064.2790694, "_runtime": 5.406039476394653, "_step": 0, "_wandb": {"runtime": 4}}