{"test_xent": 5.882159423828125, "test_step": 10000, "test_lr": 0, "_timestamp": 1715868409.2293653, "_runtime": 6.153359413146973, "_step": 0, "_wandb": {"runtime": 4}}