{"test_xent": -0.581798050897504, "test_step": 10000, "test_lr": 0, "_timestamp": 1718848619.7068503, "_runtime": 121.37620139122009, "_step": 0, "_wandb": {"runtime": 119}}