{"test_xent": 6.781090545654297, "test_step": 10000, "test_lr": 0, "_timestamp": 1715862856.8264735, "_runtime": 5.142510414123535, "_step": 0, "_wandb": {"runtime": 4}}