{"test_xent": -0.14799892881421817, "test_step": 10000, "test_lr": 0, "_timestamp": 1718870221.4025583, "_runtime": 135.60829424858093, "_step": 0, "_wandb": {"runtime": 133}}