{"test_xent": -11.01489486694336, "test_step": 10000, "test_lr": 0, "_timestamp": 1716542214.6913476, "_runtime": 6.952103614807129, "_step": 0, "_wandb": {"runtime": 4}}