{"test_xent": 6.239998245239258, "test_step": 10000, "test_lr": 0, "_timestamp": 1715865160.6506073, "_runtime": 5.6098692417144775, "_step": 0, "_wandb": {"runtime": 4}}