{"test_xent": -12.050383448600769, "test_step": 10000, "test_lr": 0, "_timestamp": 1715787841.0838206, "_runtime": 5.679766654968262, "_step": 0, "_wandb": {"runtime": 4}}