{"test_xent": 6.239998245239258, "test_step": 10000, "test_lr": 0, "_timestamp": 1715864930.713681, "_runtime": 6.551352024078369, "_step": 0, "_wandb": {"runtime": 4}}