{"test_xent": -10.546310016087123, "test_step": 10000, "test_lr": 0, "_timestamp": 1715785523.2299955, "_runtime": 6.683751583099365, "_step": 0, "_wandb": {"runtime": 4}}