{"test_xent": 5.882159423828125, "test_step": 10000, "test_lr": 0, "_timestamp": 1715864900.6176887, "_runtime": 5.325853586196899, "_step": 0, "_wandb": {"runtime": 4}}