{"test_xent": 4.396060291089509, "test_step": 10000, "test_lr": 0, "_timestamp": 1715861142.5475347, "_runtime": 5.7641518115997314, "_step": 0, "_wandb": {"runtime": 4}}